Quarter,Mon,Tue,Wed,Thu,Fri,Sat,Sun,Avg
Q1,83.84615384615384,86.0,83.0,79.46153846153847,87.15384615384616,84.46153846153847,82.23076923076923,83.73626373626374
Q2,82.76923076923077,74.08333333333333,78.92307692307692,85.92307692307692,80.66666666666667,75.46153846153847,82.3076923076923,80.01923076923076
Q3,80.08333333333333,85.41666666666667,84.76923076923077,80.25,82.33333333333333,79.08333333333333,83.0,82.13369963369964
