quarter,Mon,Tue,Wed,Thu,Fri,Sat,Sun,Avg
Q1 (Jan-Mar),21.76923076923077,21.0,21.333333333333332,21.153846153846153,22.923076923076923,21.636363636363637,21.307692307692307,21.597701149425287
Q2 (Apr-Jun),20.0,27.0,22.615384615384617,22.416666666666668,23.53846153846154,22.692307692307693,24.833333333333332,23.25
Q3 (Jul-Sep),22.0,24.181818181818183,25.666666666666668,23.90909090909091,23.2,24.636363636363637,23.636363636363637,23.94736842105263
