Quarter,Mon,Tue,Wed,Thu,Fri,Sat,Sun,Avg
Q1 2026,79.3076923076923,78.53846153846153,76.08333333333333,78.07692307692308,82.53846153846153,78.53846153846153,83.07692307692308,79.45146520146521
