quarter,Mon,Tue,Wed,Thu,Fri,Sat,Sun,Avg
Q1 2026,28.846153846153847,31.384615384615383,31.75,33.23076923076923,29.53846153846154,29.53846153846154,27.076923076923077,30.177777777777777
